"Cursor - Undead", "https://soundcloud.com/hybridtrapmusic/undead?in=spltpersonalty/sets/song-of-das-week-vol-2", "Hybrid Trap \U0001f525"
"PROPANE", "https://soundcloud.com/eptic/propane?in=spltpersonalty/sets/song-of-das-week-vol-2", "EPTIC"
"Minesweepa & Tasha Baxter - Faces (Tucker Kreway Remix)", "https://soundcloud.com/tuckerkreway/facesremix?in=spltpersonalty/sets/song-of-das-week-vol-2", "Tucker Kreway"
"Bandlez & Barely Alive - Meme Graveyard", "https://soundcloud.com/bandlez/memegraveyard?in=spltpersonalty/sets/song-of-das-week-vol-2", "Bandlez"
"DansDemand - Need Your Love (Sharks Remix)", "https://soundcloud.com/sharkstunes/dansdemand-need-your-love-sharks-remix?in=spltpersonalty/sets/song-of-das-week-vol-2", "Sharks"
"Graphyt X PIERCE - Frequency Shifter", "https://soundcloud.com/graphytdubstep/graphyt-x-pierce-frequency-shifter?in=spltpersonalty/sets/song-of-das-week-vol-2", "Graphyt"
"Disciple - We Don't Play", "https://soundcloud.com/disciple/wedontplay?in=spltpersonalty/sets/song-of-das-week-vol-2", "Disciple \u265b \u265c \u265e"
"L.U.X - Soul", "https://soundcloud.com/elizraofficial/lux-soul?in=spltpersonalty/sets/song-of-das-week-vol-2", "Elizra"
"EXCLUSION - Opus Insania", "https://soundcloud.com/exclusionofficial/exclusion-opus-insania?in=spltpersonalty/sets/song-of-das-week-vol-2", "EXCLUSION"
"Elizra - Runaway", "https://soundcloud.com/elizraofficial/elizra-runaway?in=spltpersonalty/sets/song-of-das-week-vol-2", "Elizra"
"MVRDA - Cockney Cartel", "https://soundcloud.com/discipleroundtable/cockneycartel?in=spltpersonalty/sets/song-of-das-week-vol-2", "Disciple Round Table"
"Samplifire - Invasion [Free Download]", "https://soundcloud.com/samplifire/samplifire-invasion?in=spltpersonalty/sets/song-of-das-week-vol-2", "Samplifire"
"SVDDEN DEATH & SOMNIUM SOUND - LOSING IT EDIT", "https://soundcloud.com/svddendeath/fisher-losing-it-svdden-death-and-somnium-sound-remix?in=spltpersonalty/sets/song-of-das-week-vol-2", "SVDDEN DEATH"
"PEEKABOO - SMACK (SUBJECT 31 REMIX)", "https://soundcloud.com/subject31/peekaboo-smack-subject-31-rmx?in=spltpersonalty/sets/song-of-das-week-vol-2", "Subject 31"
"SAAS - It's Scary Out There", "https://soundcloud.com/solacefamily/saas-its-scary-out-there?in=spltpersonalty/sets/song-of-das-week-vol-2", "SOLACE \ud328\ubc00\ub9ac FAMILY"
"Mport & Stoic - Wonke", "https://soundcloud.com/wubaholics/mport-stoic-wonke-1?in=spltpersonalty/sets/song-of-das-week-vol-2", "Wubaholics"
"Papa Khan - Neurons vs Nosphere - Valac", "https://soundcloud.com/hijo-puty/neurons-vs-valac?in=spltpersonalty/sets/song-of-das-week-vol-2", "The Madafaker"
"Berrix & INFEKT - Dejavu", "https://soundcloud.com/discipleroundtable/dejavu?in=spltpersonalty/sets/song-of-das-week-vol-2", "Disciple Round Table"
"81_12 - Hunger", "https://soundcloud.com/poltergeistrecords/81_12-hunger?in=spltpersonalty/sets/song-of-das-week-vol-2", "Poltergeist Records"
"DUALITY", "https://soundcloud.com/dkkaydubz/dkkay-duality-2?in=spltpersonalty/sets/song-of-das-week-vol-2", "DKKAY"
"Fear", "https://soundcloud.com/slimezmusic/fear?in=spltpersonalty/sets/song-of-das-week-vol-2", "Slimez"
"Nosphere - WALL [FREE DOWNLOAD]", "https://soundcloud.com/nospheremusic/wall?in=spltpersonalty/sets/song-of-das-week-vol-2", "Nosphere"
"Chassi - Switch (Jandi Remix)", "https://soundcloud.com/jandiofficial/chassi-switch-jandi-remix?in=spltpersonalty/sets/song-of-das-week-vol-2", "JANDI"
"twitch prime", "https://soundcloud.com/somniumsound/twitch-prime?in=spltpersonalty/sets/song-of-das-week-vol-2", "somnium sound"
"Aweminus - Grain Tune", "https://soundcloud.com/aweminus/aweminus-grain-tune?in=spltpersonalty/sets/song-of-das-week-vol-2", "Aweminus"
"NRVE - Bongus (Free Download)", "https://soundcloud.com/fullflexaudio/bongus?in=spltpersonalty/sets/song-of-das-week-vol-2", "Full Flex Audio"
"Pane Mua & Redax - Reboot", "https://soundcloud.com/odiorecs/pane-mua-redax-reboot?in=spltpersonalty/sets/song-of-das-week-vol-2", "Odio Records"
"BAINBRIDGE - Catharsis", "https://soundcloud.com/bainbridgeofficial/catharsis?in=spltpersonalty/sets/song-of-das-week-vol-2", "BAINBRIDGE"
"Redax & Cyfy - Get It", "https://soundcloud.com/odiorecs/redax-cyfy-get-it-1?in=spltpersonalty/sets/song-of-das-week-vol-2", "Odio Records"
"DORA THE RAVER [FREE]", "https://soundcloud.com/cromatikdubstep/dora-the-raver-free?in=spltpersonalty/sets/song-of-das-week-vol-2", "CROMATIK"
"UBUR - Painful Choice", "https://soundcloud.com/uburdub/painful-choice?in=spltpersonalty/sets/song-of-das-week-vol-2", "UBUR"
"Absolution", "https://soundcloud.com/abelationmusic/absolution-2?in=spltpersonalty/sets/song-of-das-week-vol-2", "Abelation"
"You Do Matter", "https://soundcloud.com/abelationmusic/you-do-matter-7?in=spltpersonalty/sets/song-of-das-week-vol-2", "Abelation"
"synthe & leet - The Lost Key [Headbang Society Premiere]", "https://soundcloud.com/wubaholics/synthe-leet-the-lost-key-headbang-society-premiere?in=spltpersonalty/sets/song-of-das-week-vol-2", "Wubaholics"
"Dead Veins [OUT NOW]", "https://soundcloud.com/ryvisongs/deadveins?in=spltpersonalty/sets/song-of-das-week-vol-2", "RYVI"
"Drunk (BVSSIC Remix)", "https://soundcloud.com/tltombstone/drunk-bvssic-remix?in=spltpersonalty/sets/song-of-das-week-vol-2", "The Living Tombstone"
"Tryple & BVSSIC - Insomnia", "https://soundcloud.com/discipleroundtable/tryple-bvssic-insomnia?in=spltpersonalty/sets/song-of-das-week-vol-2", "Disciple Round Table"
"Ray Volpe - Battle Of The Bros (VIP)", "https://soundcloud.com/discipleroundtable/battleofthebrosvip?in=spltpersonalty/sets/song-of-das-week-vol-2", "Disciple Round Table"
"Crankdat - ILL", "https://soundcloud.com/crankdatmusic/crankdat-ill?in=spltpersonalty/sets/kick-it-0ff", "Crankdat"
"On My Mind", "https://soundcloud.com/iamnasko/nasko-on-my-mind?in=spltpersonalty/sets/kick-it-0ff", "Nasko"
"Cursor - Undead", "https://soundcloud.com/hybridtrapmusic/undead?in=spltpersonalty/sets/kick-it-0ff", "Hybrid Trap \U0001f525"
"VIVID DREAMS", "https://soundcloud.com/sharkstunes/vivid-dreams?in=spltpersonalty/sets/kick-it-0ff", "Sharks"
"Woolly Mammoth", "https://soundcloud.com/akovmusic/akov-dubape-wooly-mammoth-cause-4-concern?in=spltpersonalty/sets/kick-it-0ff", "AKOV"
"Pythius - New Order VIP", "https://soundcloud.com/blackoutmusicnl/pythius-new-order-vip-1?in=spltpersonalty/sets/kick-it-0ff", "Blackout Music NL"
"Bhaaloo", "https://soundcloud.com/teddykillerz/bhaaloo?in=spltpersonalty/sets/kick-it-0ff", "Teddy Killerz"
"ENT!TY - My Heart (Nanoo Remix)", "https://soundcloud.com/nanoo-1/entty-my-heart-remix-nanoo-remix-1?in=spltpersonalty/sets/kick-it-0ff", "Nanoo"
"MUST DIE! - Funeral Zone (Ipsiom Bootleg)", "https://soundcloud.com/ipsiom/must-die-funeral-zone-ipsiom-bootleg?in=spltpersonalty/sets/kick-it-0ff", "Ipsiom"
"PROPANE", "https://soundcloud.com/eptic/propane?in=spltpersonalty/sets/kick-it-0ff", "EPTIC"
"Franky Nuts - Time Is Running Out (Circus Rec.)", "https://soundcloud.com/frankynuts/franky-nuts-time-is-running-out?in=spltpersonalty/sets/kick-it-0ff", "FRANKY NUTS"
"Minesweepa & Tasha Baxter - Faces (Tucker Kreway Remix)", "https://soundcloud.com/tuckerkreway/facesremix?in=spltpersonalty/sets/kick-it-0ff", "Tucker Kreway"
"Bandlez & Barely Alive - Meme Graveyard", "https://soundcloud.com/bandlez/memegraveyard?in=spltpersonalty/sets/kick-it-0ff", "Bandlez"
"Barely Alive - Weeble Wobble", "https://soundcloud.com/discipleroundtable/weeblewobble?in=spltpersonalty/sets/kick-it-0ff", "Disciple Round Table"
"Next Level VIP", "https://soundcloud.com/ivorydubz/ivory-next-level-vip?in=spltpersonalty/sets/kick-it-0ff", "IVORY"
"WET NAPKIN VIP", "https://soundcloud.com/rayvolpemusic/wet-napkin-vip?in=spltpersonalty/sets/kick-it-0ff", "RAY VOLPE \U0001f916"
"Stratus - Hitta Witta", "https://soundcloud.com/stratusbass/stratus-hitta-witta?in=spltpersonalty/sets/kick-it-0ff", "Stratus"
"DansDemand - Need Your Love (Sharks Remix)", "https://soundcloud.com/sharkstunes/dansdemand-need-your-love-sharks-remix?in=spltpersonalty/sets/kick-it-0ff", "Sharks"
"Millennial Trash - Anxiety", "https://soundcloud.com/millennialtrsh/millennial-trash-anxiety?in=spltpersonalty/sets/kick-it-0ff", "Millennial Trash"
"FYAH MODE", "https://soundcloud.com/justsickness/justsck-fyah-mode-2?in=spltpersonalty/sets/kick-it-0ff", "Justs!ck"
"Seven Lions - Only Now Ft. Tyler Graves (Ace Aura Remix)", "https://soundcloud.com/aceaura/only-now?in=spltpersonalty/sets/kick-it-0ff", "Ace Aura"
"Au5 & Prismatic & TruFeelz - Resistance", "https://soundcloud.com/au5/resistance?in=spltpersonalty/sets/kick-it-0ff", "Au5"
"MIND GAMES VIP", "https://soundcloud.com/rayvolpemusic/mind-games-vip?in=spltpersonalty/sets/kick-it-0ff", "RAY VOLPE \U0001f916"
"Graphyt X PIERCE - Frequency Shifter", "https://soundcloud.com/graphytdubstep/graphyt-x-pierce-frequency-shifter?in=spltpersonalty/sets/kick-it-0ff", "Graphyt"
"Disciple - We Don't Play", "https://soundcloud.com/disciple/wedontplay?in=spltpersonalty/sets/kick-it-0ff", "Disciple \u265b \u265c \u265e"
"L.U.X - Soul", "https://soundcloud.com/elizraofficial/lux-soul?in=spltpersonalty/sets/kick-it-0ff", "Elizra"
"EXCLUSION - Opus Insania", "https://soundcloud.com/exclusionofficial/exclusion-opus-insania?in=spltpersonalty/sets/kick-it-0ff", "EXCLUSION"
"Elizra - Hung Up", "https://soundcloud.com/elizraofficial/elizra-hung-up?in=spltpersonalty/sets/kick-it-0ff", "Elizra"
"Elizra - Terrestrial", "https://soundcloud.com/elizraofficial/elizra-terrestrial?in=spltpersonalty/sets/kick-it-0ff", "Elizra"
"Elizra - Runaway", "https://soundcloud.com/elizraofficial/elizra-runaway?in=spltpersonalty/sets/kick-it-0ff", "Elizra"
"Elizra - Vision", "https://soundcloud.com/elizraofficial/elizra-vision?in=spltpersonalty/sets/kick-it-0ff", "Elizra"
"MVRDA - Cockney Cartel", "https://soundcloud.com/discipleroundtable/cockneycartel?in=spltpersonalty/sets/kick-it-0ff", "Disciple Round Table"
"Samplifire - Invasion [Free Download]", "https://soundcloud.com/samplifire/samplifire-invasion?in=spltpersonalty/sets/kick-it-0ff", "Samplifire"
"Answerd - Eden", "https://soundcloud.com/bassweightrec/answerd-eden-1?in=spltpersonalty/sets/kick-it-0ff", "Bassweight Records"
"Oolacile - Neurological Enhancement Suite (Neurons VIP)", "https://soundcloud.com/oolacile/nes?in=spltpersonalty/sets/kick-it-0ff", "Oolacile"
"BloodThinnerz - Stampede (RAD009)", "https://soundcloud.com/rawaudiodistortion/bloodthinnerz-stampede-rad009-1?in=spltpersonalty/sets/kick-it-0ff", "RAW AUDIO DISTORTION"
"Yakz - Dubplate", "https://soundcloud.com/yakz/yakz-dubplate-2?in=spltpersonalty/sets/kick-it-0ff", "YAKZ"
"DIRTY TALK", "https://soundcloud.com/hukae/dirty-talk?in=spltpersonalty/sets/kick-it-0ff", "HUKAE"
"Somnium Sound - Lifeform", "https://soundcloud.com/somniumsound/somnium-sound-lifeform?in=spltpersonalty/sets/kick-it-0ff", "somnium sound"
"SVDDEN DEATH & SOMNIUM SOUND - LOSING IT EDIT", "https://soundcloud.com/svddendeath/fisher-losing-it-svdden-death-and-somnium-sound-remix?in=spltpersonalty/sets/kick-it-0ff", "SVDDEN DEATH"
"Somnium Sound - Concentrate", "https://soundcloud.com/somniumsound/concentrate?in=spltpersonalty/sets/kick-it-0ff", "somnium sound"
"Somnium Sound - Soundwave", "https://soundcloud.com/somniumsound/somnium-sound-soundwave?in=spltpersonalty/sets/kick-it-0ff", "somnium sound"
"Losing Myself", "https://soundcloud.com/jiquidubstep/losing-myself-1?in=spltpersonalty/sets/kick-it-0ff", "Jiqui"
"BAINBRIDGE - Immortals (VIP)", "https://soundcloud.com/discipleroundtable/immortalsvip?in=spltpersonalty/sets/kick-it-0ff", "Disciple Round Table"
"Hot Sauce", "https://soundcloud.com/guillotineofficial/hot-sauce?in=spltpersonalty/sets/kick-it-0ff", "Guillotine"
"PHISO - CLOSE COMBAT (NSD: BLACK LABEL)", "https://soundcloud.com/phiso/close-combat?in=spltpersonalty/sets/kick-it-0ff", "Phiso"
"FLEX", "https://soundcloud.com/xaebor/flex?in=spltpersonalty/sets/kick-it-0ff", "XAEBOR"
"PEEKABOO - SMACK (SUBJECT 31 REMIX)", "https://soundcloud.com/subject31/peekaboo-smack-subject-31-rmx?in=spltpersonalty/sets/kick-it-0ff", "Subject 31"
"Say Word - Dreams", "https://soundcloud.com/emengy/say-word-dreams-1?in=spltpersonalty/sets/kick-it-0ff", "Emengy"
"Eater - Without You (feat. Thftr)", "https://soundcloud.com/eatermusic/eater-without-you-feat-thftr?in=spltpersonalty/sets/kick-it-0ff", "Eater"
"Say Word - Kill Proof", "https://soundcloud.com/emengy/say-word-kill-proof?in=spltpersonalty/sets/kick-it-0ff", "Emengy"
"PIERCE Feat. Kini Solana - It Could Be You [Headbang Society Premiere]", "https://soundcloud.com/wakaan/pierce-feat-kini-solana-it-could-be-you-headbang-society-premiere?in=spltpersonalty/sets/kick-it-0ff", "Wakaan"
"Star Monster - Calling for Me [Party Guru Premiere]", "https://soundcloud.com/lofreqrecords/star-monster-calling-for-me-1?in=spltpersonalty/sets/kick-it-0ff", "LoFreq Records"
"SAAS - It's Scary Out There", "https://soundcloud.com/solacefamily/saas-its-scary-out-there?in=spltpersonalty/sets/kick-it-0ff", "SOLACE \ud328\ubc00\ub9ac FAMILY"
"Dwelm and thelaunchcode - DUYU", "https://soundcloud.com/causmic_creative/dwelm_launchcode_duyu?in=spltpersonalty/sets/kick-it-0ff", "Causmic Creative"
"Mport & Stoic - Wonke", "https://soundcloud.com/wubaholics/mport-stoic-wonke-1?in=spltpersonalty/sets/kick-it-0ff", "Wubaholics"
"Jahwize - Nani", "https://soundcloud.com/doyudigital/jahwize-nani?in=spltpersonalty/sets/kick-it-0ff", "DoYu Digital"
"Vusive - Break The Floor", "https://soundcloud.com/presentlylifted/vusive-break-the-floor?in=spltpersonalty/sets/kick-it-0ff", "Presently Lifted \U0001f451"
"Atreus - Mutant (Thred Remix)", "https://soundcloud.com/surrealistrecords/atreus-mutant-thred-remix?in=spltpersonalty/sets/kick-it-0ff", "SurRealist Records"
"Papa Khan - Neurons vs Nosphere - Valac", "https://soundcloud.com/hijo-puty/neurons-vs-valac?in=spltpersonalty/sets/kick-it-0ff", "The Madafaker"
"GEOTHEORY - REBIRTH OF PHARAOH", "https://soundcloud.com/nightowlcollective/geotheory-rebirth-of-pharaoh?in=spltpersonalty/sets/kick-it-0ff", "Night Owl Collective"
"Berrix & INFEKT - Dejavu", "https://soundcloud.com/discipleroundtable/dejavu?in=spltpersonalty/sets/kick-it-0ff", "Disciple Round Table"
"81_12 - Hunger", "https://soundcloud.com/poltergeistrecords/81_12-hunger?in=spltpersonalty/sets/kick-it-0ff", "Poltergeist Records"
"DUALITY", "https://soundcloud.com/dkkaydubz/dkkay-duality-2?in=spltpersonalty/sets/kick-it-0ff", "DKKAY"
"Medieval Mix #47 - Samplifire (Loki EP)", "https://soundcloud.com/samplifire/samplifire-medieval-mix-loki-ep?in=spltpersonalty/sets/kick-it-0ff", "Samplifire"
"Fear", "https://soundcloud.com/slimezmusic/fear?in=spltpersonalty/sets/kick-it-0ff", "Slimez"
"Nosphere - WALL [FREE DOWNLOAD]", "https://soundcloud.com/nospheremusic/wall?in=spltpersonalty/sets/kick-it-0ff", "Nosphere"
"Chassi - Switch (Jandi Remix)", "https://soundcloud.com/jandiofficial/chassi-switch-jandi-remix?in=spltpersonalty/sets/kick-it-0ff", "JANDI"
"twitch prime", "https://soundcloud.com/somniumsound/twitch-prime?in=spltpersonalty/sets/kick-it-0ff", "somnium sound"
"SISTO x BRIKZ - BAD SIGNAL", "https://soundcloud.com/sisto_official/sisto-x-brikz-bad-signal?in=spltpersonalty/sets/kick-it-0ff", "SISTO"
"Aweminus - Grain Tune", "https://soundcloud.com/aweminus/aweminus-grain-tune?in=spltpersonalty/sets/kick-it-0ff", "Aweminus"
"NRVE - Bongus (Free Download)", "https://soundcloud.com/fullflexaudio/bongus?in=spltpersonalty/sets/kick-it-0ff", "Full Flex Audio"
"Hot Head", "https://soundcloud.com/deathgrips/hot-head-1?in=spltpersonalty/sets/kick-it-0ff", "deathgrips"
"80808", "https://soundcloud.com/deathgrips/80808-1?in=spltpersonalty/sets/kick-it-0ff", "deathgrips"
"Bubbles Buried In This Jungle", "https://soundcloud.com/deathgrips/bubbles-buried-in-this-jungle?in=spltpersonalty/sets/kick-it-0ff", "deathgrips"
"Death Grips - Exmilitary - 2 - Guillotine", "https://soundcloud.com/deathgrips/death-grips-exmilitary-2?in=spltpersonalty/sets/kick-it-0ff", "deathgrips"
"Death Grips - Exmilitary - 1 - Beware", "https://soundcloud.com/deathgrips/death-grips-exmilitary-1?in=spltpersonalty/sets/kick-it-0ff", "deathgrips"
"DirtySnatcha & Herculez - Thin Air (ft. Without My Armor)", "https://soundcloud.com/dirtysnatcha/thin-air?in=spltpersonalty/sets/kick-it-0ff", "DirtySnatcha"
"Pane Mua - Busy", "https://soundcloud.com/odiorecs/pane-mua-busy-1?in=spltpersonalty/sets/kick-it-0ff", "Odio Records"
"Pane Mua & Redax - Reboot", "https://soundcloud.com/odiorecs/pane-mua-redax-reboot?in=spltpersonalty/sets/kick-it-0ff", "Odio Records"
"Pane Mua - Power Stomp (Spag Heddy Remix)", "https://soundcloud.com/spagheddy/pane-mua-power-stomp-spag-heddy-remix?in=spltpersonalty/sets/kick-it-0ff", "SPAG HEDDY"
"BAINBRIDGE - Catharsis", "https://soundcloud.com/bainbridgeofficial/catharsis?in=spltpersonalty/sets/kick-it-0ff", "BAINBRIDGE"
"Flakzz - Flipmode", "https://soundcloud.com/flakzz/flakzz-flipmode?in=spltpersonalty/sets/kick-it-0ff", "Flakzz"
"Agony", "https://soundcloud.com/cannamusic/agony?in=spltpersonalty/sets/kick-it-0ff", "Canna"
"ABRASIVE", "https://soundcloud.com/xaebor/abrasive?in=spltpersonalty/sets/kick-it-0ff", "XAEBOR"
"Hold Me Close (Watch Me Burn)", "https://soundcloud.com/nvadrz/holdmeclose?in=spltpersonalty/sets/kick-it-0ff", "NVADRZ"
"Fuzzy Memory", "https://soundcloud.com/the_tryple/fuzzymemory?in=spltpersonalty/sets/kick-it-0ff", "TRYPLE"
"Mark The Beast x Akylla - Covered In Roses (Nitepunk Remix)", "https://soundcloud.com/nitepunk/mark-the-beast-covered-in-roses-nitepunk-remix?in=spltpersonalty/sets/kick-it-0ff", "Nitepunk"
"Ace Aura x Millennial Trash - Self-Sabotage", "https://soundcloud.com/aceaura/ace-aura-x-millennial-trash-self-sabotage?in=spltpersonalty/sets/kick-it-0ff", "Ace Aura"
"SPACE LACES - Phone Tap", "https://soundcloud.com/space-laces/phone-tap-1?in=spltpersonalty/sets/kick-it-0ff", "SPACE LACES"
"AFK & Qoiet - Faded GLASS", "https://soundcloud.com/qoiet/afk-qoiet-faded-glass?in=spltpersonalty/sets/kick-it-0ff", "Qoiet"
"SHADER UNIT", "https://soundcloud.com/voltra/shader-unit?in=spltpersonalty/sets/kick-it-0ff", "voltra"
"Juno", "https://soundcloud.com/nvryou/juno?in=spltpersonalty/sets/kick-it-0ff", "NVR YOU"
"Felmax - Blood Magic", "https://soundcloud.com/felmax/bloodmagic?in=spltpersonalty/sets/kick-it-0ff", "FELMAX"
"Creep Show", "https://soundcloud.com/itsydg/creep-show?in=spltpersonalty/sets/kick-it-0ff", "YDG"
"Redax & Cyfy - Get It", "https://soundcloud.com/odiorecs/redax-cyfy-get-it-1?in=spltpersonalty/sets/kick-it-0ff", "Odio Records"
"DORA THE RAVER [FREE]", "https://soundcloud.com/cromatikdubstep/dora-the-raver-free?in=spltpersonalty/sets/kick-it-0ff", "CROMATIK"
"The One", "https://soundcloud.com/habstrakt/the-one?in=spltpersonalty/sets/kick-it-0ff", "Habstrakt"
"UBUR - Painful Choice", "https://soundcloud.com/uburdub/painful-choice?in=spltpersonalty/sets/kick-it-0ff", "UBUR"
"Riot Ten - Bodies (feat. TITUS) [Phiso Remix]", "https://soundcloud.com/riotten/bodies-phiso-remix?in=spltpersonalty/sets/kick-it-0ff", "RIOT TEN"
"Block", "https://soundcloud.com/wearesteez/steez-block?in=spltpersonalty/sets/kick-it-0ff", "STEEZ"
"Implications", "https://soundcloud.com/abelationmusic/implications?in=spltpersonalty/sets/kick-it-0ff", "Abelation"
"Absolution", "https://soundcloud.com/abelationmusic/absolution-2?in=spltpersonalty/sets/kick-it-0ff", "Abelation"
"You Do Matter", "https://soundcloud.com/abelationmusic/you-do-matter-7?in=spltpersonalty/sets/kick-it-0ff", "Abelation"
"EAZYBAKED x sfam x G-Space - BUBBLEGUM", "https://soundcloud.com/domeofdoom/eazybaked-x-sfam-x-g-space-bubblegum?in=spltpersonalty/sets/kick-it-0ff", "DOMEOFDOOM"
"synthe & leet - The Lost Key [Headbang Society Premiere]", "https://soundcloud.com/wubaholics/synthe-leet-the-lost-key-headbang-society-premiere?in=spltpersonalty/sets/kick-it-0ff", "Wubaholics"
"Eradikid - Ice King (WUB0007)", "https://soundcloud.com/wubaholics/eradikid-ice-king-wub0007?in=spltpersonalty/sets/kick-it-0ff", "Wubaholics"
"Tony Romera - I Can't", "https://soundcloud.com/monstercat/tony-romera-i-cant?in=spltpersonalty/sets/kick-it-0ff", "Monstercat"
"Fransis Derelle x Hopsteady x Blosso - No Survivors (ft. AFTERMYFALL)", "https://soundcloud.com/welcome-recs/no-survivors-ft-hopsteady-blosso-aftermyfall?in=spltpersonalty/sets/kick-it-0ff", "Welcome Records"
"Let You Go", "https://soundcloud.com/blossomusic/let-you-go-1?in=spltpersonalty/sets/kick-it-0ff", "BLOSSO"
"Blosso & Convex - DAHLIA", "https://soundcloud.com/welcome-recs/dahlia?in=spltpersonalty/sets/kick-it-0ff", "Welcome Records"
"Blosso & Pure 100 - Hyperdrive", "https://soundcloud.com/welcome-recs/hyperdrive?in=spltpersonalty/sets/kick-it-0ff", "Welcome Records"
"Blosso & BVLVNCE - One Way Down", "https://soundcloud.com/welcome-recs/onewaydown?in=spltpersonalty/sets/kick-it-0ff", "Welcome Records"
"JOYRYDE - IM GONE", "https://soundcloud.com/enjoyryde/im-gone?in=spltpersonalty/sets/kick-it-0ff", "JOYRYDE"
"JOYRYDE & SKRILLEX - AGEN WIDA", "https://soundcloud.com/enjoyryde/joyryde-skrillex-agen-wida-1?in=spltpersonalty/sets/kick-it-0ff", "JOYRYDE"
"Crankdat - Pack A Punch", "https://soundcloud.com/crankdatmusic/pack-a-punch?in=spltpersonalty/sets/kick-it-0ff", "Crankdat"
"On The Block w/ Hairitage", "https://soundcloud.com/bailobeatz/on-the-block-w-hairitage?in=spltpersonalty/sets/kick-it-0ff", "BAILO"
"Skellism - SET ME FREE", "https://soundcloud.com/skellism/skellism-set-me-free?in=spltpersonalty/sets/kick-it-0ff", "Skellism"
"Dead Veins [OUT NOW]", "https://soundcloud.com/ryvisongs/deadveins?in=spltpersonalty/sets/kick-it-0ff", "RYVI"
"TenGraphs & SVDDEN DEATH - Mind Games (RYVI Remix)[FULL]", "https://soundcloud.com/ryvisongs/tengraphs-sudden-death-mind-games-ryvi-remix?in=spltpersonalty/sets/kick-it-0ff", "RYVI"
"Drunk (BVSSIC Remix)", "https://soundcloud.com/tltombstone/drunk-bvssic-remix?in=spltpersonalty/sets/kick-it-0ff", "The Living Tombstone"
"Disciple - How We Roll", "https://soundcloud.com/disciple/howweroll?in=spltpersonalty/sets/kick-it-0ff", "Disciple \u265b \u265c \u265e"
"Virtual Riot - Show Up VIP (ft. Virus Syndicate)", "https://soundcloud.com/disciple/showupvip?in=spltpersonalty/sets/kick-it-0ff", "Disciple \u265b \u265c \u265e"
"Tryple & BVSSIC - Insomnia", "https://soundcloud.com/discipleroundtable/tryple-bvssic-insomnia?in=spltpersonalty/sets/kick-it-0ff", "Disciple Round Table"
"Ray Volpe - Battle Of The Bros (VIP)", "https://soundcloud.com/discipleroundtable/battleofthebrosvip?in=spltpersonalty/sets/kick-it-0ff", "Disciple Round Table"
"Kompany - Feel It All (Oolacile Remix)", "https://soundcloud.com/oolacile/feelitallrmx?in=spltpersonalty/sets/kick-it-0ff", "Oolacile"
"Ace Aura - Waiting", "https://soundcloud.com/frshblood/ace-aura-waiting?in=spltpersonalty/sets/kick-it-0ff", "frshblood"
"Dr. Ozi, Chime & Trinergy - Motion", "https://soundcloud.com/neversaydie/dr-ozi-chime-trinergy-motion?in=spltpersonalty/sets/kick-it-0ff", "Never Say Die Records"
"CRANKDAT & NVADRZ - UNDERGROUND SHIT", "https://soundcloud.com/crankdatmusic/crankdat-nvadrz-underground-shit?in=spltpersonalty/sets/kick-it-0ff", "Crankdat"
"Bandlez & Strocksu - Sleepwalking (Ft. Katie Sky)", "https://soundcloud.com/disciple/sleepwalking?in=spltpersonalty/sets/kick-it-0ff", "Disciple \u265b \u265c \u265e"
"JOOL & Skrybe - Aquila", "https://soundcloud.com/blacklabelnsd/jool-skrybe-aquila?in=spltpersonalty/sets/song-of-the-week", "Never Say Die Black Label"
"Dr. Ozi & Soltan - Mumbai Madness", "https://soundcloud.com/neversaydie/dr-ozi-soltan-mumbai-madness?in=spltpersonalty/sets/song-of-the-week", "Never Say Die Records"
"Whales x The Arcturians x JOOL - She Can Never", "https://soundcloud.com/circusrecords/cr355-whales-x-the-arcturians-x-jool-she-can-never?in=spltpersonalty/sets/song-of-the-week", "Circus Records Official"
"INQUISITION (VIP)", "https://soundcloud.com/evvde/inquisitionvip?in=spltpersonalty/sets/song-of-the-week", "EVVDE"
"Herculez - Save Me", "https://soundcloud.com/herculezmusic/saveme?in=spltpersonalty/sets/song-of-the-week", "HERCULEZ"
"HelaSex - Vortex", "https://soundcloud.com/helasex/helasex-vortex?in=spltpersonalty/sets/song-of-the-week", "HelaSex"
"WAVEDASH & Shadient - Tung Tiied", "https://soundcloud.com/shadient/wavedash-shadient-tung-tiied?in=spltpersonalty/sets/song-of-the-week", "Shadient"
"The Brig - Pink Picture", "https://soundcloud.com/mostaddictivemusic/the-brig-pink-picture?in=spltpersonalty/sets/song-of-the-week", "MA Music"
"Herculez - Like The Rain Ft. Rod Azlan", "https://soundcloud.com/discipleroundtable/liketherain?in=spltpersonalty/sets/song-of-the-week", "Disciple Round Table"
"Oolacile - Infiniti", "https://soundcloud.com/oolacile/infiniti?in=spltpersonalty/sets/song-of-the-week", "Oolacile"
"BLM DUB", "https://soundcloud.com/projecteleven/blm?in=spltpersonalty/sets/song-of-the-week", "XI"
"Neonix - Dead Face", "https://soundcloud.com/bassrush/neonix-dead-face?in=spltpersonalty/sets/song-of-the-week", "Bassrush"
"Tiigers - How To Be A Savage", "https://soundcloud.com/savagesocietyrecords/tiigers-how-to-be-a-savage?in=spltpersonalty/sets/song-of-the-week", "Savage Society Records"
"Barely Alive - Odyssey VIP", "https://soundcloud.com/disciple/odysseyvip?in=spltpersonalty/sets/song-of-the-week", "Disciple \u265b \u265c \u265e"
"MOONBOY - Encounter", "https://soundcloud.com/moonboy_music/mnboyencounter?in=spltpersonalty/sets/song-of-the-week", "MOONBOY\U0001f319"
"Stay Feat. Katie Sky", "https://soundcloud.com/frankynuts/franky-nuts-stay-feat-katie-sky?in=spltpersonalty/sets/song-of-the-week", "FRANKY NUTS"
"Evolve To Destroy", "https://soundcloud.com/nanoo-1/evolve-to-destroy?in=spltpersonalty/sets/song-of-the-week", "Nanoo"
"GAWM - Silence", "https://soundcloud.com/gawmmusic/gawm-silence?in=spltpersonalty/sets/song-of-the-week", "GAWM"
"Moore Kismet & Voltra - Duplex", "https://soundcloud.com/moorekismet/duplex-53?in=spltpersonalty/sets/song-of-the-week", "Moore Kismet"
"Flume - Rushing Back (AG Remix)", "https://soundcloud.com/whosag/flume-rushing-back-ag-remix?in=spltpersonalty/sets/song-of-the-week", "AG"
"Habstrakt - Show Me (Cookie Monsta Remix)", "https://soundcloud.com/cookiemonstatc/habstrakt-show-me-cookie-monsta-remix?in=spltpersonalty/sets/song-of-the-week", "cookiemonstatc"
"Eliminate - You're Gonna Love Me Ft. Leah Culver (MATT DOE & Fools Of Wisdom Remix)", "https://soundcloud.com/mattdoemusic/eliminate-youre-gonna-love-me-matt-doe-fools-of-wisdom-remix?in=spltpersonalty/sets/song-of-the-week", "MATT DOE"
"DVEIGHT - SIEGE", "https://soundcloud.com/syndicateaudio/dveight-siege?in=spltpersonalty/sets/song-of-the-week", "Syndicate Audio"
"CHIBS - CRUST AND JELLY (CYBERTR0N REMIX) (WINNER)", "https://soundcloud.com/cybertr0nmusic/chibs-crust-and-jelly-cybertr0n-remix-1?in=spltpersonalty/sets/song-of-the-week", "Cybertr0n"
"Samplifire - Duality", "https://soundcloud.com/discipleroundtable/duality?in=spltpersonalty/sets/song-of-the-week", "Disciple Round Table"
"Quar - Internet", "https://soundcloud.com/rushdownrecs/quar-internet?in=spltpersonalty/sets/song-of-the-week", "Rushdown"
"PIERCE - BIPOLAR", "https://soundcloud.com/piercesounds/piercebipolar?in=spltpersonalty/sets/song-of-the-week", "PIERCE"
"Psycho", "https://soundcloud.com/itsydg/ydg-psycho?in=spltpersonalty/sets/song-of-the-week", "YDG"
"Oddprophet - No More (JoeB Bootleg) [BUY = Free Download]", "https://soundcloud.com/joeb_uk/oddprophet-no-more-joeb-bootleg-buy-free-download?in=spltpersonalty/sets/song-of-the-week", "JoeB"
"Effin - Cheese", "https://soundcloud.com/effin/cheese?in=spltpersonalty/sets/song-of-the-week", "Effin"
"RL Grime & Julez - Formula (Wyd! Flip)", "https://soundcloud.com/iitswyd/rl-grime-julez-formula-wyd-flip?in=spltpersonalty/sets/song-of-the-week", "Wyd!"
"Explosive Lure", "https://soundcloud.com/ravvasounds/explosive-lure?in=spltpersonalty/sets/song-of-the-week", "RAVVA"
"On My Mind", "https://soundcloud.com/iamnasko/nasko-on-my-mind?in=spltpersonalty/sets/song-of-the-week", "Nasko"
"Hold Me Close (Watch Me Burn)", "https://soundcloud.com/nvadrz/holdmeclose?in=spltpersonalty/sets/song-of-the-week", "NVADRZ"
"Effin - Back Scratcher", "https://soundcloud.com/effin/back-scratcher?in=spltpersonalty/sets/new-beginnings", "Effin"
"RADAR", "https://soundcloud.com/voltra/radar?in=spltpersonalty/sets/new-beginnings", "voltra"
"JOOL - Lazy Cat", "https://soundcloud.com/odiorecs/jool-lazy-cat?in=spltpersonalty/sets/new-beginnings", "Odio Records"
"Gang Shit (Echo Drone Remix)", "https://soundcloud.com/echodronemusic/gang-shit-echo-drone-remix?in=spltpersonalty/sets/new-beginnings", "Echo Drone"
"Phonon - PolyRiddim (GAWM TRAP FLIP)", "https://soundcloud.com/gawmmusic/phono-polyriddim-gawm-trap-flip?in=spltpersonalty/sets/new-beginnings", "GAWM"
"CHEE - VULTURES (TRIPPED BY TRYPLE)", "https://soundcloud.com/the_tryple/vultures-trip?in=spltpersonalty/sets/new-beginnings", "TRYPLE"
"DVEIGHT - Gratz", "https://soundcloud.com/echoescollective/dveight-gratz?in=spltpersonalty/sets/new-beginnings", "Echoes Collective"
"AUTOMHATE - CONFLICT (EATER REMIX)", "https://soundcloud.com/eaterextras/automhate-conflict-eater-remix?in=spltpersonalty/sets/new-beginnings", "Eater Extras"
"SVDDEN DEATH - RISE (Moore Kismet Reboot)", "https://soundcloud.com/moorekismet/rise-reboot?in=spltpersonalty/sets/new-beginnings", "Moore Kismet"
"Chibs - Crust And Jelly (Xotix Remix)", "https://soundcloud.com/xotixmusic/chibs-crust-and-jelly-xotix-remix?in=spltpersonalty/sets/new-beginnings", "Xotix"
"Oddprophet - Migraine (Mr. Fink Remix)", "https://soundcloud.com/mrfinkofficial/oddprophet-migraine-mr-fink-remix?in=spltpersonalty/sets/new-beginnings", "Mr. Fink"
"HEKLER - LIAR", "https://soundcloud.com/heklermusic/hekler-said-liar?in=spltpersonalty/sets/new-beginnings", "HEKLER"
"Excision & Downlink - Resistance", "https://soundcloud.com/excision/resistance?in=spltpersonalty/sets/new-beginnings", "Excision"
"Apriskah and Lapsung - Penumbra", "https://soundcloud.com/apriskah/apriskah-and-lapsung-penumbra?in=spltpersonalty/sets/new-beginnings", "Apriskah"
"WAXY", "https://soundcloud.com/locobottunes/waaaxy?in=spltpersonalty/sets/new-beginnings", "LOCOBOT"
"Grove - Head Noise", "https://soundcloud.com/melbournetrappack/grove-head-noise?in=spltpersonalty/sets/new-beginnings", "MELBOURNE TRAP PACK"
"Kayzo & Calcium - Spin It Back", "https://soundcloud.com/kayzo-music/kayzo-calcium-spin-it-back?in=spltpersonalty/sets/new-beginnings", "KAYZO"
"RAY VOLPE x NVADRZ - TASTEMAKER", "https://soundcloud.com/rayvolpemusic/tastemaker?in=spltpersonalty/sets/new-beginnings", "RAY VOLPE \U0001f916"
"Nost - No Trust (FREE DL)", "https://soundcloud.com/nostdub/nost-no-trust-1?in=spltpersonalty/sets/new-beginnings", "Nost"
"JOOL & Skrybe - Aquila", "https://soundcloud.com/blacklabelnsd/jool-skrybe-aquila?in=spltpersonalty/sets/new-beginnings", "Never Say Die Black Label"
"Migraine VIP", "https://soundcloud.com/oddprophet/migraine-vip?in=spltpersonalty/sets/new-beginnings", "Oddprophet"
"KaTT - [O011] Lilium Fate", "https://soundcloud.com/kattimpala/katt-o011-lilium-fate?in=spltpersonalty/sets/new-beginnings", "K//////aTT"
"Whales x The Arcturians x JOOL - She Can Never", "https://soundcloud.com/circusrecords/cr355-whales-x-the-arcturians-x-jool-she-can-never?in=spltpersonalty/sets/new-beginnings", "Circus Records Official"
"FREAKY & GAWM - Purple Sprite", "https://soundcloud.com/freakyofficial/purplesprite1?in=spltpersonalty/sets/new-beginnings", "FREAKY"
"Gladez - Overseas", "https://soundcloud.com/itsgladez/gladez-overseas?in=spltpersonalty/sets/new-beginnings", "GLADEZ"
"Dr. Ozi & Soltan - Mumbai Madness", "https://soundcloud.com/neversaydie/dr-ozi-soltan-mumbai-madness?in=spltpersonalty/sets/new-beginnings", "Never Say Die Records"
"Crankdat & Ruvlo - Blah Blah (FREE DOWNLOAD)", "https://soundcloud.com/disciple/blahblah?in=spltpersonalty/sets/new-beginnings", "Disciple \u265b \u265c \u265e"
"Verdict", "https://soundcloud.com/topisl/verdict?in=spltpersonalty/sets/new-beginnings", "Topi"
"PIERCE x Rico Act - GUTTER", "https://soundcloud.com/piercesounds/pierce-x-rico-act-gutter?in=spltpersonalty/sets/new-beginnings", "PIERCE"
"Bahebe", "https://soundcloud.com/dirtyaudio/bahebe?in=spltpersonalty/sets/new-beginnings", "Dirty Audio"
"Zetta - Phat Rack", "https://soundcloud.com/zettatunes/phat-rack?in=spltpersonalty/sets/new-beginnings", "ZETTA"
"Control Freak - Six Feet Deep (FREE DOWNLOAD)", "https://soundcloud.com/discipleroundtable/sixfeetdeep?in=spltpersonalty/sets/new-beginnings", "Disciple Round Table"
"INQUISITION (VIP)", "https://soundcloud.com/evvde/inquisitionvip?in=spltpersonalty/sets/new-beginnings", "EVVDE"
"Get Up", "https://soundcloud.com/itsdveight/dveight-get-up-trinity-2?in=spltpersonalty/sets/new-beginnings", "DVEIGHT"
"BADFELLA x D'LION - REDLINE", "https://soundcloud.com/badfella-edm/badfella-x-dlion-redline-1?in=spltpersonalty/sets/new-beginnings", "BADFELLA"
"Nextars - Redemption", "https://soundcloud.com/buygore/nextars-redemption?in=spltpersonalty/sets/new-beginnings", "Buygore"
"HelaSex - Vortex", "https://soundcloud.com/helasex/helasex-vortex?in=spltpersonalty/sets/new-beginnings", "HelaSex"
"Panda Eyes & Nasko - Violence", "https://soundcloud.com/rampagerecs/panda-eyes-nasko-violence?in=spltpersonalty/sets/new-beginnings", "Rampage Recordings"
"Nasko & Dubtastik - Duality (Majoras Drep Remix)", "https://soundcloud.com/majorasdrep/nasko-dubtastik-duality-majoras-drep-remix?in=spltpersonalty/sets/new-beginnings", "Majoras Drep"
"Skybreak - Run Wild", "https://soundcloud.com/odiorecs/skybreak-run-wild?in=spltpersonalty/sets/new-beginnings", "Odio Records"
"Departure", "https://soundcloud.com/nyptane-official/departure?in=spltpersonalty/sets/new-beginnings", "Nyptane"
"Skybreak - Block My Aim (feat. Ash Boner) [Free Download]", "https://soundcloud.com/skybreakofficial/blockmyaim?in=spltpersonalty/sets/new-beginnings", "skybreak"
"Said & M\xa5KKA - Mind Control", "https://soundcloud.com/isaidmusic/said-mkka-mind-control?in=spltpersonalty/sets/new-beginnings", "Said"
"Millennial Trash x Ace Aura - Noddin'", "https://soundcloud.com/millennialtrsh/millennial-trash-x-ace-aura-noddin?in=spltpersonalty/sets/new-beginnings", "Millennial Trash"
"Zeneth - Bengali", "https://soundcloud.com/jerrysclubhouse/zeneth-bengali?in=spltpersonalty/sets/new-beginnings", "Jerry's Clubhouse"
"Virtual Riot - Pray For Riddim (God's Warrior Remix)", "https://soundcloud.com/godswarrior711/pray-for-riddim-gods-warrior-remix?in=spltpersonalty/sets/new-beginnings", "God's Warrior"
"Jackknife", "https://soundcloud.com/weareriot/jackknife?in=spltpersonalty/sets/new-beginnings", "RIOT"
"Oliverse - Get High (Millennial Trash Remix) 2K FREE DOWNLOAD", "https://soundcloud.com/millennialtrsh/oliverse-get-high-millennial-trash-remix-2k-free-download?in=spltpersonalty/sets/new-beginnings", "Millennial Trash"
"Eliminate - Crystallize Ft. Leah Culver", "https://soundcloud.com/nightmoderecs/crystallize?in=spltpersonalty/sets/new-beginnings", "NIGHTMODE"
"Alright", "https://soundcloud.com/asteroidafterparty/alright?in=spltpersonalty/sets/new-beginnings", "Asteroid Afterparty"
"Slander & Said The Sky - Potions Ft. JT Roach (Eliminate Remix)", "https://soundcloud.com/eliminatemusic/slander-said-the-sky-potions-ft-jt-roach-eliminate-remix?in=spltpersonalty/sets/new-beginnings", "Eliminate*"
"The Arcturians & Hyukari - Find A Release", "https://soundcloud.com/thearcturiansmusic/the-arcturians-hyukari-find-a-release?in=spltpersonalty/sets/new-beginnings", "The Arcturians"
"Doctor P - Flying Spaghetti Monster (Spag Heddy Remix)", "https://soundcloud.com/spagheddy/doctor-p-flying-spaghetti-monster-spag-heddy-remix-1?in=spltpersonalty/sets/new-beginnings", "SPAG HEDDY"
"Doctor P - Bulletproof Feat. Eva Simons (Chime Remix)", "https://soundcloud.com/chimetunes/bulletproof-remix?in=spltpersonalty/sets/new-beginnings", "Chime"
"Doctor P - Sweet Shop (Shlump Remix)", "https://soundcloud.com/shlumpbass/doctor-p-sweet-shop-shlump-remix?in=spltpersonalty/sets/new-beginnings", "Shlump"
"DMVU - Chemicals [Magnetic Mag Premiere]", "https://soundcloud.com/wakaan/dmvu-chemicals-magnetic-mag-premiere?in=spltpersonalty/sets/new-beginnings", "Wakaan"
"Jiggle", "https://soundcloud.com/jantsenmusic/jiggle?in=spltpersonalty/sets/new-beginnings", "jantsenmusic"
"Chime - Pixel Perfect (The Living Proof Remix) [CONTEST WINNER]", "https://soundcloud.com/thelivingproofmusic/chime-pixel-perfect-the-living-proof-remix-1?in=spltpersonalty/sets/new-beginnings", "The Living Proof"
"FIGURE - Does Not Compute", "https://soundcloud.com/kannibalenrecords/figure-does-not-compute?in=spltpersonalty/sets/new-beginnings", "KANNIBALEN RECORDS"
"MineSweepa - Voodoo (Tisoki Remix)", "https://soundcloud.com/tisoki/voodoo?in=spltpersonalty/sets/new-beginnings", "Tisoki"
"Blvk Sheep - Fearful", "https://soundcloud.com/blvksheepmusic/blvk-sheep-fearful?in=spltpersonalty/sets/new-beginnings", "BLVK SHEEP"
"Noizon & Detrix - Lifeline", "https://soundcloud.com/noizon/noizon-detrix-lifeline?in=spltpersonalty/sets/new-beginnings", "Noizon"
"Pound Cake", "https://soundcloud.com/tsimba/pound-cake?in=spltpersonalty/sets/new-beginnings", "tsimba"
"WAVEDASH & Shadient - Tung Tiied", "https://soundcloud.com/shadient/wavedash-shadient-tung-tiied?in=spltpersonalty/sets/new-beginnings", "Shadient"
"Daft Punk - Television Rules the Nation (AXENs Droid Bass Edit)", "https://soundcloud.com/axenofficial/daft-punk-television-axens-droid-bass-edit-1?in=spltpersonalty/sets/new-beginnings", "AXEN"
"Ookay x Hydraulix - Poor Connection", "https://soundcloud.com/ookaymusic/ookay-x-hydraulix-poor-connection?in=spltpersonalty/sets/new-beginnings", "Ookay"
"Kayzo & blessthefall - Before The Storm (SYN Remix)", "https://soundcloud.com/weareallsynners/bts-rmx?in=spltpersonalty/sets/new-beginnings", "SYN"
"Crow - Sequels Suck", "https://soundcloud.com/theofficialcrow/crow-grunsliger-2?in=spltpersonalty/sets/new-beginnings", "Crow"
"The Brig - Pink Picture", "https://soundcloud.com/mostaddictivemusic/the-brig-pink-picture?in=spltpersonalty/sets/new-beginnings", "MA Music"
"DirtySnatcha & Matt Doe - Crashing", "https://soundcloud.com/dirtysnatcha/crashing?in=spltpersonalty/sets/new-beginnings", "DirtySnatcha"
"SYN - Synners", "https://soundcloud.com/welcome-recs/syn-synners?in=spltpersonalty/sets/new-beginnings", "Welcome Records"
"Virus Syndicate & Oliverse - FRWRD", "https://soundcloud.com/disciple/frwrd?in=spltpersonalty/sets/new-beginnings", "Disciple \u265b \u265c \u265e"
"iFeature & Asuku - Internal Merger", "https://soundcloud.com/ifeature/ifeature-asuku-internal-merger?in=spltpersonalty/sets/new-beginnings", "iFeature\U0001f409"
"Focus (4K SPECIAL)", "https://soundcloud.com/ifeature/focus-4k-special?in=spltpersonalty/sets/new-beginnings", "iFeature\U0001f409"
"DHMPR & EMEN & DALEC - SPARTA 2000", "https://soundcloud.com/capacitivecollective/sparta-2000?in=spltpersonalty/sets/new-beginnings", "Capacitive Collective"
"Herculez - Like The Rain Ft. Rod Azlan", "https://soundcloud.com/discipleroundtable/liketherain?in=spltpersonalty/sets/new-beginnings", "Disciple Round Table"
"SOLTAN x NAZAAR - WALLS CAVE IN [LVWZ FLIP]", "https://soundcloud.com/lvwzmusic/soltan-x-nazaar-walls-cave-in-lvwz-remix?in=spltpersonalty/sets/new-beginnings", "LVWZ"
"ECRAZE - Rewind Selecta", "https://soundcloud.com/discipleroundtable/rewindselecta?in=spltpersonalty/sets/new-beginnings", "Disciple Round Table"
"IGNORANT", "https://soundcloud.com/controlfreakus/ignorant?in=spltpersonalty/sets/new-beginnings", "Control Freak"
"Oolacile - Infiniti", "https://soundcloud.com/oolacile/infiniti?in=spltpersonalty/sets/new-beginnings", "Oolacile"
"Megalodon & Whales - Straight Savage (feat. Born I)", "https://soundcloud.com/megalodon/straight-savage-feat-born-i?in=spltpersonalty/sets/new-beginnings", "MEGALODON"
"BLM DUB", "https://soundcloud.com/projecteleven/blm?in=spltpersonalty/sets/new-beginnings", "XI"
"Barely Alive - Wompum (The Sausages Remix) [2nd Place]", "https://soundcloud.com/thesausagesfr/barely-alive-wompum-the-sausages-remix?in=spltpersonalty/sets/new-beginnings", "The Sausages"
"Neonix - Dead Face", "https://soundcloud.com/bassrush/neonix-dead-face?in=spltpersonalty/sets/new-beginnings", "Bassrush"
"PRAY FOR RIDDIM (CONTROL FREAK REMIX)", "https://soundcloud.com/controlfreakus/prayforriddim?in=spltpersonalty/sets/new-beginnings", "Control Freak"
"INFEKT - Score (BeutNoise Remix)", "https://soundcloud.com/beutnoise/infekt-score-beutnoise-remix-1?in=spltpersonalty/sets/new-beginnings", "BeutNoise"
"Tiigers - How To Be A Savage", "https://soundcloud.com/savagesocietyrecords/tiigers-how-to-be-a-savage?in=spltpersonalty/sets/new-beginnings", "Savage Society Records"
"Diskirz - The Wrath Of Savitar", "https://soundcloud.com/bassweightrec/diskirz-the-wrath-of-savitar-1?in=spltpersonalty/sets/new-beginnings", "Bassweight Records"
"Papa Khan - Glitched", "https://soundcloud.com/railbreakers/papa-khan-glitched?in=spltpersonalty/sets/new-beginnings", "RAILBREAKERS"
"Stabby - Artificial Star", "https://soundcloud.com/stabby/artificialstar?in=spltpersonalty/sets/new-beginnings", "Stabby"
"AWEMINUS - Thunder Stomp", "https://soundcloud.com/aweminus/aweminus-thunder-stomp?in=spltpersonalty/sets/new-beginnings", "Aweminus"
"ZETTA & ARTIX! - KAMINARI", "https://soundcloud.com/zettatunes/kaminari?in=spltpersonalty/sets/new-beginnings", "ZETTA"
"MARAUDA FT. YAKZ - PULVERIZE (EVILNOIZ BOOTLEG)", "https://soundcloud.com/evilnoiz/marauda-ft-yakz-pulverize-evilnoiz-bootleg?in=spltpersonalty/sets/new-beginnings", "EVILNOIZ"
"ECRAZE - Audio Experience (FREE DOWNLOAD)", "https://soundcloud.com/discipleroundtable/audioexperience?in=spltpersonalty/sets/new-beginnings", "Disciple Round Table"
"Nyptane & Crow - Platinum", "https://soundcloud.com/discipleroundtable/platinum?in=spltpersonalty/sets/new-beginnings", "Disciple Round Table"
"Junkyard", "https://soundcloud.com/spaceyetimusic/junkyard?in=spltpersonalty/sets/new-beginnings", "SpaceYeti"
"PhaseOne - Crash & Burn (ft. Northlane) (Carl Wheezer Cover)", "https://soundcloud.com/wheezersings/phase-one-crash-burn-ft-northlane-carl-wheezer-cover?in=spltpersonalty/sets/new-beginnings", "Carl Wheezer"
"Barely Alive - Odyssey VIP", "https://soundcloud.com/disciple/odysseyvip?in=spltpersonalty/sets/new-beginnings", "Disciple \u265b \u265c \u265e"
"Dodge & Fuski X Nasko - Written (Ft. The Arcturians)", "https://soundcloud.com/disciple/written?in=spltpersonalty/sets/new-beginnings", "Disciple \u265b \u265c \u265e"
"Virtual Riot - Cry Some More VIP", "https://soundcloud.com/disciple/crysomemorevip?in=spltpersonalty/sets/new-beginnings", "Disciple \u265b \u265c \u265e"
"Slander & Kompany - Broken Ft. fknsyd (Samplifire Remix)", "https://soundcloud.com/samplifire/slander-kompany-broken-ft-fknsyd-samplifire-remix?in=spltpersonalty/sets/new-beginnings", "Samplifire"
"Half Breed VIP", "https://soundcloud.com/megalodon/half-breed-vip?in=spltpersonalty/sets/new-beginnings", "MEGALODON"
"MOONBOY - Encounter", "https://soundcloud.com/moonboy_music/mnboyencounter?in=spltpersonalty/sets/new-beginnings", "MOONBOY\U0001f319"
"BT - Dreaming [Controlled Kaos Remix] (Free Download in the description)", "https://soundcloud.com/controlled-kaos-dub/bt-dreaming-controlled-kaos?in=spltpersonalty/sets/new-beginnings", "Controlled_Kaos"
"Izzy Vadim & Stoned Level - Cortex", "https://soundcloud.com/izzyvadim/izzy-vadim-stoned-level-cortex-1?in=spltpersonalty/sets/new-beginnings", "Izzy Vadim"
"Nosphere - Death Blade", "https://soundcloud.com/buygore/nosphere-death-blade?in=spltpersonalty/sets/new-beginnings", "Buygore"
"Stay Feat. Katie Sky", "https://soundcloud.com/frankynuts/franky-nuts-stay-feat-katie-sky?in=spltpersonalty/sets/new-beginnings", "FRANKY NUTS"
"HELLBURST", "https://soundcloud.com/mustdiemusic/hellburst?in=spltpersonalty/sets/new-beginnings", "MUST DIE!"
"Resurrection Ft. Micah Martin", "https://soundcloud.com/officialkrimer/resurrection?in=spltpersonalty/sets/new-beginnings", "KRIMER"
"Evolve To Destroy", "https://soundcloud.com/nanoo-1/evolve-to-destroy?in=spltpersonalty/sets/new-beginnings", "Nanoo"
"Lights Out", "https://soundcloud.com/officialstaysick/lights-out?in=spltpersonalty/sets/new-beginnings", "Staysick"
"GAWM - Silence", "https://soundcloud.com/gawmmusic/gawm-silence?in=spltpersonalty/sets/new-beginnings", "GAWM"
"Moore Kismet & Voltra - Duplex", "https://soundcloud.com/moorekismet/duplex-53?in=spltpersonalty/sets/new-beginnings", "Moore Kismet"
"Flume - Rushing Back (AG Remix)", "https://soundcloud.com/whosag/flume-rushing-back-ag-remix?in=spltpersonalty/sets/new-beginnings", "AG"
"Habstrakt - Show Me (Cookie Monsta Remix)", "https://soundcloud.com/cookiemonstatc/habstrakt-show-me-cookie-monsta-remix?in=spltpersonalty/sets/new-beginnings", "cookiemonstatc"
"Medieval Mix #31 - Ace Aura (reset_environment EP)", "https://soundcloud.com/aceaura/medieval-mix-31?in=spltpersonalty/sets/new-beginnings", "Ace Aura"
"Eliminate - You're Gonna Love Me Ft. Leah Culver (MATT DOE & Fools Of Wisdom Remix)", "https://soundcloud.com/mattdoemusic/eliminate-youre-gonna-love-me-matt-doe-fools-of-wisdom-remix?in=spltpersonalty/sets/new-beginnings", "MATT DOE"
"KLOWN - Buffoonery", "https://soundcloud.com/grvdncr/klown-buffoonery?in=spltpersonalty/sets/new-beginnings", "GRVDNCR"
"Closed Casket", "https://soundcloud.com/ravvasounds/closed-casket?in=spltpersonalty/sets/new-beginnings", "RAVVA"
"DVEIGHT - SIEGE", "https://soundcloud.com/syndicateaudio/dveight-siege?in=spltpersonalty/sets/new-beginnings", "Syndicate Audio"
"BADFELLA x KARYUU - CRUISE", "https://soundcloud.com/badfella-edm/badfella-x-karyuu-cruise?in=spltpersonalty/sets/new-beginnings", "BADFELLA"
"CHIBS - CRUST AND JELLY (CYBERTR0N REMIX) (WINNER)", "https://soundcloud.com/cybertr0nmusic/chibs-crust-and-jelly-cybertr0n-remix-1?in=spltpersonalty/sets/new-beginnings", "Cybertr0n"
"No Bad Trips", "https://soundcloud.com/griz/no-bad-trips?in=spltpersonalty/sets/new-beginnings", "GRiZ"
"UTAH", "https://soundcloud.com/svddendeath/utah-1?in=spltpersonalty/sets/new-beginnings", "SVDDEN DEATH"
"PhaseOne - Another Breath", "https://soundcloud.com/disciple/anotherbreath?in=spltpersonalty/sets/new-beginnings", "Disciple \u265b \u265c \u265e"
"KLOWN - Doinks", "https://soundcloud.com/discipleroundtable/doinks?in=spltpersonalty/sets/new-beginnings", "Disciple Round Table"
"HxdB - New Sense : Crude - CRD001", "https://soundcloud.com/hexadecibel/hxdb-new-sense?in=spltpersonalty/sets/new-beginnings", "HxdB (GREAZUS)"
"Barely Alive - Dead Link (KILLED BY ANIMLZ)[REMIX CONTEST WINNER]", "https://soundcloud.com/animlz/barely-alive-dead-link-klled-by-anmlz?in=spltpersonalty/sets/new-beginnings", "ANIMLZ"
"Samplifire - Duality", "https://soundcloud.com/discipleroundtable/duality?in=spltpersonalty/sets/new-beginnings", "Disciple Round Table"
"Upgrade", "https://soundcloud.com/subhumanmusic/upgrade?in=spltpersonalty/sets/new-beginnings", "SUB-human"
"Woke Up In Japan", "https://soundcloud.com/subhumanmusic/woke-up-in-japan-feat-agung-mango-beluga?in=spltpersonalty/sets/new-beginnings", "SUB-human"
"Zeds Dead X Delta Heavy - Lift You Up (SUB - Human Remix)", "https://soundcloud.com/subhumanmusic/zeds-dead-x-delta-heavy-lift-you-up-sub-human-remix?in=spltpersonalty/sets/new-beginnings", "SUB-human"
"DirtySnatcha & Autokorekt - Need U", "https://soundcloud.com/dirtysnatcha/need-u?in=spltpersonalty/sets/new-beginnings", "DirtySnatcha"
"Quar - Internet", "https://soundcloud.com/rushdownrecs/quar-internet?in=spltpersonalty/sets/new-beginnings", "Rushdown"
"PhaseOne & Subtronics - Demon Hunter (Phiso Remix)", "https://soundcloud.com/disciple/deamonhunterphiso?in=spltpersonalty/sets/new-beginnings", "Disciple \u265b \u265c \u265e"
"Zetta - Brain Damage", "https://soundcloud.com/zettatunes/brain-damage?in=spltpersonalty/sets/new-beginnings", "ZETTA"
"PhaseOne & Hydraulix - Space Invaders(CYPHER Remix)", "https://soundcloud.com/de_cypher/spaceinvadersrmx?in=spltpersonalty/sets/new-beginnings", "CYPHER"
"PIERCE - BIPOLAR", "https://soundcloud.com/piercesounds/piercebipolar?in=spltpersonalty/sets/new-beginnings", "PIERCE"
"Psycho", "https://soundcloud.com/itsydg/ydg-psycho?in=spltpersonalty/sets/new-beginnings", "YDG"
"Seven Lions - Only Now ft. Tyler Graves (Perry Wayne Remix)", "https://soundcloud.com/perrywaynemusic/onlynowremix?in=spltpersonalty/sets/new-beginnings", "PERRY WAYNE"
"Virtual Riot & Funtcase - Borg (SHWEEZ REMIX)", "https://soundcloud.com/shweezofficial/virtual-riot-funtcase-borg-shweez?in=spltpersonalty/sets/new-beginnings", "SHWEEZ"
"De-Rezz", "https://soundcloud.com/cromatikdubstep/de-rezz-1?in=spltpersonalty/sets/new-beginnings", "CROMATIK"
"Oddprophet - No More (JoeB Bootleg) [BUY = Free Download]", "https://soundcloud.com/joeb_uk/oddprophet-no-more-joeb-bootleg-buy-free-download?in=spltpersonalty/sets/new-beginnings", "JoeB"
"BARELY ALIVE- WOMPUM (MOB REMIX)", "https://soundcloud.com/bring-in-the-mob/wompum-remix-final?in=spltpersonalty/sets/new-beginnings", "MOB"
"HEKLER - TRANSPARENCY", "https://soundcloud.com/heklermusic/hekler-transperanc?in=spltpersonalty/sets/new-beginnings", "HEKLER"
"Effin - Cheese", "https://soundcloud.com/effin/cheese?in=spltpersonalty/sets/new-beginnings", "Effin"
"RUN UP (CONTROL FREAK REMIX)", "https://soundcloud.com/controlfreakus/run-up?in=spltpersonalty/sets/new-beginnings", "Control Freak"
"RL Grime & Julez - Formula (Wyd! Flip)", "https://soundcloud.com/iitswyd/rl-grime-julez-formula-wyd-flip?in=spltpersonalty/sets/new-beginnings", "Wyd!"
"Kayzo & YULTRON feat. Of Mice & Men - Night Terror (YDG Remix)", "https://soundcloud.com/itsydg/kayzo-yultron-feat-of-mice-men-night-terror-ydg-remix?in=spltpersonalty/sets/new-beginnings", "YDG"
"STUCA & KRISCHVN - Fuck Off", "https://soundcloud.com/stucamusic/stuca-krischvn-fuck-off?in=spltpersonalty/sets/new-beginnings", "STUCA"
"Oski - Destroy All Humans", "https://soundcloud.com/disciple/destroyallhumans?in=spltpersonalty/sets/new-beginnings", "Disciple \u265b \u265c \u265e"
"Quix - I Got Tha (Bandlez Remix)", "https://soundcloud.com/disciple/igotthabandlez?in=spltpersonalty/sets/new-beginnings", "Disciple \u265b \u265c \u265e"
"Computa - You Were Just", "https://soundcloud.com/computamusics/youwerejust?in=spltpersonalty/sets/new-beginnings", "Computa"
"Devoured [VIP]", "https://soundcloud.com/highzombiemusic/devoured-vip-1?in=spltpersonalty/sets/new-beginnings", "High Zombie"
"Sam Lamar - The Time", "https://soundcloud.com/samxlamar/the-time?in=spltpersonalty/sets/new-beginnings", "SAM LAMAR"
"TYNAN & Kompany - Extraterrestrial VIP", "https://soundcloud.com/tynanofficial/tynan-kompany-extraterrestrial-vip1?in=spltpersonalty/sets/new-beginnings", "TYNAN"
"Moody Good & Leotrix - Crackshot", "https://soundcloud.com/moodygood/moody-good-leotrix-crackshot?in=spltpersonalty/sets/new-beginnings", "MOODY GOOD"
"Effin - Cabbage VIP", "https://soundcloud.com/effin/cabbage-vip?in=spltpersonalty/sets/new-beginnings", "Effin"
"SVDDEN DEATH - ICHOR (TRYPLE FLIP)", "https://soundcloud.com/the_tryple/ichor-tryple-flip?in=spltpersonalty/sets/new-beginnings", "TRYPLE"
"Breaking Point", "https://soundcloud.com/deadlyft/breaking-point?in=spltpersonalty/sets/new-beginnings", "DEADLYFT"
"K-NINE - NO GAMES", "https://soundcloud.com/blacklabelnsd/k-nine-no-games?in=spltpersonalty/sets/new-beginnings", "Never Say Die Black Label"
"Benda - Locked N' Loaded", "https://soundcloud.com/bendamusic/benda-locked-n-loaded-1?in=spltpersonalty/sets/new-beginnings", "Benda"
"Explosive Lure", "https://soundcloud.com/ravvasounds/explosive-lure?in=spltpersonalty/sets/new-beginnings", "RAVVA"
"RATED R & VRG - WOMP WOMP", "https://soundcloud.com/whothefuxratedr/rated-r-vrg-womp-womp?in=spltpersonalty/sets/new-beginnings", "RATED R"
"FROSTTOP - RUSH", "https://soundcloud.com/frosttop/rush?in=spltpersonalty/sets/new-beginnings", "frosttop"
"Darren Styles - Us Against The World (Protostar Remix)", "https://soundcloud.com/monstercat/darren-styles-us-against-the-world-protostar-remix?in=spltpersonalty/sets/new-beginnings", "Monstercat"
"50 CARROT - 3RD BASS (FREEMAN REMIX)", "https://soundcloud.com/freemanbass/3rd?in=spltpersonalty/sets/classic-sounding-wubbies", "FREEMAN {G00NZ}"
"THE SKREETZ (VIP)", "https://soundcloud.com/svgmaze/the-skreetz-vip?in=spltpersonalty/sets/classic-sounding-wubbies", "SVGMAZE"
"Valk - One-Two [Free DL]", "https://soundcloud.com/fullflexaudio/valk-one-two-ffa?in=spltpersonalty/sets/classic-sounding-wubbies", "Full Flex Audio"
"Holy Mantle", "https://soundcloud.com/ravvasounds/holy-mantle?in=spltpersonalty/sets/classic-sounding-wubbies", "RAVVA"
"Trapped", "https://soundcloud.com/protial/trapped?in=spltpersonalty/sets/classic-sounding-wubbies", "Protial"
"AUtOdiDakT - Not In The Game To Get Part (Izzy Vadim Remix)[M\xe4htrasher]", "https://soundcloud.com/izzyvadim/2-autodidakt-not-in-the-game-to-get-part-izzy-vadim-remix?in=spltpersonalty/sets/classic-sounding-wubbies", "Izzy Vadim"
"Conrank - Tonk Sound", "https://soundcloud.com/conrank/conrank-tonk-sound?in=spltpersonalty/sets/classic-sounding-wubbies", "CONRANK"
"Conrank & Dirt Monkey - Level 8", "https://soundcloud.com/circusrecords/conrank-dirt-monkey-level-8?in=spltpersonalty/sets/classic-sounding-wubbies", "Circus Records Official"
"Flux Pavilion - Bass Cannon (Conrank Remix)", "https://soundcloud.com/conrank/flux-pavilion-bass-cannon-conrank-remix-1?in=spltpersonalty/sets/classic-sounding-wubbies", "CONRANK"
"On Your Mind", "https://soundcloud.com/conrank/on-your-mind?in=spltpersonalty/sets/classic-sounding-wubbies", "CONRANK"
"Jphelpz - Sentry Gun (Exude Remix) [Prime Audio] OUT NOW !", "https://soundcloud.com/prime-audio-1/jphelpz-sentry-gun-exude-remix?in=spltpersonalty/sets/classic-sounding-wubbies", "Prime Audio"
"Dash Total'D - Hunter (Original) (Remixes EP)", "https://soundcloud.com/dashtotald/dash-totald-hunter-original?in=spltpersonalty/sets/classic-sounding-wubbies", "Dash Total'D"
"12Gauge vs Le Lion - UseLess [OUT NOW!!]", "https://soundcloud.com/12gauge/12gauge-vs-le-lion-useless?in=spltpersonalty/sets/classic-sounding-wubbies", "12GAUGE DUBS"
"Zetta & Guillotine - Encrypted (VIP)", "https://soundcloud.com/firepowerrecs/encryptedvip?in=spltpersonalty/sets/classic-sounding-wubbies", "Firepower Records"
"Doctor P - Sweet Shop (Shlump Remix)", "https://soundcloud.com/shlumpbass/doctor-p-sweet-shop-shlump-remix?in=spltpersonalty/sets/classic-sounding-wubbies", "Shlump"
"Doctor P - Flying Spaghetti Monster (Spag Heddy Remix)", "https://soundcloud.com/spagheddy/doctor-p-flying-spaghetti-monster-spag-heddy-remix-1?in=spltpersonalty/sets/classic-sounding-wubbies", "SPAG HEDDY"
"Doctor P - Bulletproof Feat. Eva Simons (Chime Remix)", "https://soundcloud.com/chimetunes/bulletproof-remix?in=spltpersonalty/sets/classic-sounding-wubbies", "Chime"
"Whales x The Arcturians x JOOL - She Can Never", "https://soundcloud.com/circusrecords/cr355-whales-x-the-arcturians-x-jool-she-can-never?in=spltpersonalty/sets/classic-sounding-wubbies", "Circus Records Official"
"MineSweepa - Voodoo (Tisoki Remix)", "https://soundcloud.com/tisoki/voodoo?in=spltpersonalty/sets/classic-sounding-wubbies", "Tisoki"
"Virus Syndicate & Infekt - Media Jungle", "https://soundcloud.com/disciple/mediajungle?in=spltpersonalty/sets/classic-sounding-wubbies", "Disciple \u265b \u265c \u265e"
"BT - Dreaming [Controlled Kaos Remix] (Free Download in the description)", "https://soundcloud.com/controlled-kaos-dub/bt-dreaming-controlled-kaos?in=spltpersonalty/sets/classic-sounding-wubbies", "Controlled_Kaos"
"DirtySnatcha & Autokorekt - Need U", "https://soundcloud.com/dirtysnatcha/need-u?in=spltpersonalty/sets/classic-sounding-wubbies", "DirtySnatcha"
"Crankdat - ILL", "https://soundcloud.com/crankdatmusic/crankdat-ill?in=spltpersonalty/sets/classic-sounding-wubbies", "Crankdat"
"Say Word - Kill Proof", "https://soundcloud.com/emengy/say-word-kill-proof?in=spltpersonalty/sets/classic-sounding-wubbies", "Emengy"
"Jahwize - Nani", "https://soundcloud.com/doyudigital/jahwize-nani?in=spltpersonalty/sets/classic-sounding-wubbies", "DoYu Digital"
"[CORRUPT] OmegaMode - Bloodmoon", "https://soundcloud.com/alientribeofficial/coming-soon-omegamode-bloodmoon?in=spltpersonalty/sets/classic-sounding-wubbies", "AlienTribe"
"Aweminus - Grain Tune", "https://soundcloud.com/aweminus/aweminus-grain-tune?in=spltpersonalty/sets/classic-sounding-wubbies", "Aweminus"
"Flakzz - Flipmode", "https://soundcloud.com/flakzz/flakzz-flipmode?in=spltpersonalty/sets/classic-sounding-wubbies", "Flakzz"
